recording_id,duration,conversation_detected,conversation_confidence,caller_has_speech,receiver_has_speech,caller_speech_duration,receiver_speech_duration,turn_switches,snr_db
16ddc1604b16ceebcdd2a939ded1195c,17.08,False,0.4725742574257426,False,True,3.4087499999999995,1.4512500000000004,3,99.71337127685547
ff4291fb0282c0d3c4629b8b4690195e,7.57975,False,0.3944444444444446,False,True,0.20250000000000057,0.4556249999999995,1,95.449951171875
bfb2c7f8fdf69e24845a25cfd056195e,15.25975,False,0.31479999999999997,False,True,2.1093750000000018,1.3668750000000007,4,93.1643295288086
b17a8ca8a3d2ae5c0c882181f82e195e,14.81975,False,0.41571428571428576,False,True,1.4174999999999986,1.2149999999999994,3,92.9002685546875
5994a09995adbd5c99d13f26b6cf195g,6.78,False,0.2,False,True,0.0,1.2656250000000004,0,91.14948272705078
